{"rouge-1": 0.25800913329867875, "rouge-L": 0.23545529249219166}