{"rouge-1": 0.44802221993289093, "rouge-L": 0.4055827936887002}